muni_code,dept_code,name,type,longitude,latitude,dane_code
05001,05,MEDELLÍN,Municipio,-75.581775,6.246631,05001
05002,05,ABEJORRAL,Municipio,-75.428739,5.789315,05002
05004,05,ABRIAQUÍ,Municipio,-76.064304,6.632282,05004
05021,05,ALEJANDRÍA,Municipio,-75.141346,6.376061,05021
05030,05,AMAGÁ,Municipio,-75.702188,6.038708,05030
05031,05,AMALFI,Municipio,-75.077501,6.909655,05031
05034,05,ANDES,Municipio,-75.878828,5.657194,05034
05036,05,ANGELÓPOLIS,Municipio,-75.711389,6.109719,05036
05038,05,ANGOSTURA,Municipio,-75.335116,6.885175,05038
05040,05,ANORÍ,Municipio,-75.148355,7.074703,05040
05042,05,SANTA FÉ DE ANTIOQUIA,Municipio,-75.826648,6.556484,05042
05044,05,ANZÁ,Municipio,-75.854442,6.302641,05044
05045,05,APARTADÓ,Municipio,-76.625279,7.882968,05045
05051,05,ARBOLETES,Municipio,-76.426708,8.849317,05051
05055,05,ARGELIA,Municipio,-75.14107,5.731474,05055
05059,05,ARMENIA,Municipio,-75.786647,6.155667,05059
05079,05,BARBOSA,Municipio,-75.331627,6.439195,05079
05086,05,BELMIRA,Municipio,-75.667779,6.606319,05086
05088,05,BELLO,Municipio,-75.555245,6.333587,05088
05091,05,BETANIA,Municipio,-75.97679,5.74615,05091
05093,05,BETULIA,Municipio,-75.984452,6.115208,05093
05101,05,CIUDAD BOLÍVAR,Municipio,-76.021509,5.850273,05101
05107,05,BRICEÑO,Municipio,-75.55036,7.112803,05107
05113,05,BURITICÁ,Municipio,-75.907,6.720759,05113
05120,05,CÁCERES,Municipio,-75.35205,7.578366,05120
05125,05,CAICEDO,Municipio,-75.98293,6.405607,05125
05129,05,CALDAS,Municipio,-75.633673,6.091077,05129
05134,05,CAMPAMENTO,Municipio,-75.298091,6.979771,05134
05138,05,CAÑASGORDAS,Municipio,-76.028228,6.753859,05138
05142,05,CARACOLÍ,Municipio,-74.757421,6.409829,05142
05145,05,CARAMANTA,Municipio,-75.643868,5.54853,05145
05147,05,CAREPA,Municipio,-76.652652,7.755148,05147
05148,05,EL CARMEN DE VIBORAL,Municipio,-75.333901,6.082885,05148
05150,05,CAROLINA,Municipio,-75.283192,6.725995,05150
05154,05,CAUCASIA,Municipio,-75.197996,7.977278,05154
05172,05,CHIGORODÓ,Municipio,-76.681531,7.666147,05172
05190,05,CISNEROS,Municipio,-75.087047,6.537829,05190
05197,05,COCORNÁ,Municipio,-75.185483,6.058295,05197
05206,05,CONCEPCIÓN,Municipio,-75.257587,6.394348,05206
05209,05,CONCORDIA,Municipio,-75.908448,6.045738,05209
05212,05,COPACABANA,Municipio,-75.509384,6.348557,05212
05234,05,DABEIBA,Municipio,-76.261614,6.998112,05234
05237,05,DONMATÍAS,Municipio,-75.39263,6.485603,05237
05240,05,EBÉJICO,Municipio,-75.766413,6.325615,05240
05250,05,EL BAGRE,Municipio,-74.799097,7.5975,05250
05264,05,ENTRERRÍOS,Municipio,-75.517685,6.566273,05264
05266,05,ENVIGADO,Municipio,-75.582192,6.166695,05266
05282,05,FREDONIA,Municipio,-75.675072,5.928039,05282
05284,05,FRONTINO,Municipio,-76.130765,6.776066,05284
05306,05,GIRALDO,Municipio,-75.952158,6.680808,05306
05308,05,GIRARDOTA,Municipio,-75.444238,6.379472,05308
05310,05,GÓMEZ PLATA,Municipio,-75.220018,6.683269,05310
05313,05,GRANADA,Municipio,-75.184446,6.142892,05313
05315,05,GUADALUPE,Municipio,-75.239862,6.815069,05315
05318,05,GUARNE,Municipio,-75.441612,6.27787,05318
05321,05,GUATAPÉ,Municipio,-75.160041,6.232461,05321
05347,05,HELICONIA,Municipio,-75.734322,6.206757,05347
05353,05,HISPANIA,Municipio,-75.906587,5.799461,05353
05360,05,ITAGÜÍ,Municipio,-75.612056,6.175079,05360
05361,05,ITUANGO,Municipio,-75.764673,7.171629,05361
05364,05,JARDÍN,Municipio,-75.818982,5.597542,05364
05368,05,JERICÓ,Municipio,-75.785499,5.789748,05368
05376,05,LA CEJA,Municipio,-75.429433,6.028062,05376
05380,05,LA ESTRELLA,Municipio,-75.637708,6.145238,05380
05390,05,LA PINTADA,Municipio,-75.60781,5.743808,05390
05400,05,LA UNIÓN,Municipio,-75.360874,5.973845,05400
05411,05,LIBORINA,Municipio,-75.812838,6.677316,05411
05425,05,MACEO,Municipio,-74.78716,6.552116,05425
05440,05,MARINILLA,Municipio,-75.339345,6.173995,05440
05467,05,MONTEBELLO,Municipio,-75.523455,5.946313,05467
05475,05,MURINDÓ,Municipio,-76.817485,6.97771,05475
05480,05,MUTATÁ,Municipio,-76.435875,7.242875,05480
05483,05,NARIÑO,Municipio,-75.176262,5.610777,05483
05490,05,NECOCLÍ,Municipio,-76.787271,8.434526,05490
05495,05,NECHÍ,Municipio,-74.77647,8.094129,05495
05501,05,OLAYA,Municipio,-75.811773,6.626492,05501
05541,05,PEÑOL,Municipio,-75.242693,6.219349,05541
05543,05,PEQUE,Municipio,-75.910357,7.021029,05543
05576,05,PUEBLORRICO,Municipio,-75.839903,5.79158,05576
05579,05,PUERTO BERRÍO,Municipio,-74.410016,6.487028,05579
05585,05,PUERTO NARE,Municipio,-74.583012,6.186025,05585
05591,05,PUERTO TRIUNFO,Municipio,-74.64119,5.871318,05591
05604,05,REMEDIOS,Municipio,-74.698135,7.029424,05604
05607,05,RETIRO,Municipio,-75.501301,6.062454,05607
05615,05,RIONEGRO,Municipio,-75.377316,6.147148,05615
05628,05,SABANALARGA,Municipio,-75.816645,6.850028,05628
05631,05,SABANETA,Municipio,-75.615479,6.149903,05631
05642,05,SALGAR,Municipio,-75.976807,5.964198,05642
05647,05,SAN ANDRÉS DE CUERQUÍA,Municipio,-75.674564,6.916676,05647
05649,05,SAN CARLOS,Municipio,-74.988097,6.187746,05649
05652,05,SAN FRANCISCO,Municipio,-75.101562,5.963476,05652
05656,05,SAN JERÓNIMO,Municipio,-75.726975,6.44809,05656
05658,05,SAN JOSÉ DE LA MONTAÑA,Municipio,-75.683352,6.85009,05658
05659,05,SAN JUAN DE URABÁ,Municipio,-76.52857,8.758964,05659
05660,05,SAN LUIS,Municipio,-74.993619,6.043017,05660
05664,05,SAN PEDRO DE LOS MILAGROS,Municipio,-75.556743,6.46012,05664
05665,05,SAN PEDRO DE URABÁ,Municipio,-76.380567,8.276884,05665
05667,05,SAN RAFAEL,Municipio,-75.02849,6.293759,05667
05670,05,SAN ROQUE,Municipio,-75.019109,6.485939,05670
05674,05,SAN VICENTE FERRER,Municipio,-75.332616,6.282164,05674
05679,05,SANTA BÁRBARA,Municipio,-75.567351,5.875527,05679
05686,05,SANTA ROSA DE OSOS,Municipio,-75.460723,6.643366,05686
05690,05,SANTO DOMINGO,Municipio,-75.164903,6.473032,05690
05697,05,EL SANTUARIO,Municipio,-75.265465,6.136871,05697
05736,05,SEGOVIA,Municipio,-74.701596,7.079648,05736
05756,05,SONSÓN,Municipio,-75.309596,5.714851,05756
05761,05,SOPETRÁN,Municipio,-75.747378,6.500745,05761
05789,05,TÁMESIS,Municipio,-75.714429,5.664645,05789
05790,05,TARAZÁ,Municipio,-75.401407,7.580127,05790
05792,05,TARSO,Municipio,-75.822956,5.864542,05792
05809,05,TITIRIBÍ,Municipio,-75.791887,6.062391,05809
05819,05,TOLEDO,Municipio,-75.692281,7.010328,05819
05837,05,TURBO,Municipio,-76.728858,8.089929,05837
05842,05,URAMITA,Municipio,-76.173284,6.898393,05842
05847,05,URRAO,Municipio,-76.133951,6.317343,05847
05854,05,VALDIVIA,Municipio,-75.439274,7.1652,05854
05856,05,VALPARAÍSO,Municipio,-75.624452,5.614555,05856
05858,05,VEGACHÍ,Municipio,-74.798714,6.773525,05858
05861,05,VENECIA,Municipio,-75.735544,5.964693,05861
05873,05,VIGÍA DEL FUERTE,Municipio,-76.896004,6.588164,05873
05885,05,YALÍ,Municipio,-74.840059,6.676554,05885
05887,05,YARUMAL,Municipio,-75.418828,6.963832,05887
05890,05,YOLOMBÓ,Municipio,-75.013385,6.594511,05890
05893,05,YONDÓ,Municipio,-73.912445,7.00396,05893
05895,05,ZARAGOZA,Municipio,-74.867075,7.488583,05895
08001,08,BARRANQUILLA,Municipio,-74.815546,10.977961,08001
08078,08,BARANOA,Municipio,-74.916077,10.79445,08078
08137,08,CAMPO DE LA CRUZ,Municipio,-74.880847,10.378291,08137
08141,08,CANDELARIA,Municipio,-74.879717,10.461903,08141
08296,08,GALAPA,Municipio,-74.870385,10.919033,08296
08372,08,JUAN DE ACOSTA,Municipio,-75.041032,10.83254,08372
08421,08,LURUACO,Municipio,-75.14199,10.610491,08421
08433,08,MALAMBO,Municipio,-74.776923,10.857086,08433
08436,08,MANATÍ,Municipio,-74.956867,10.449089,08436
08520,08,PALMAR DE VARELA,Municipio,-74.754765,10.738591,08520
08549,08,PIOJÓ,Municipio,-75.107592,10.749216,08549
08558,08,POLONUEVO,Municipio,-74.852981,10.777363,08558
08560,08,PONEDERA,Municipio,-74.753885,10.641779,08560
08573,08,PUERTO COLOMBIA,Municipio,-74.888627,11.015322,08573
08606,08,REPELÓN,Municipio,-75.125534,10.493357,08606
08634,08,SABANAGRANDE,Municipio,-74.759496,10.792453,08634
08638,08,SABANALARGA,Municipio,-74.921256,10.632091,08638
08675,08,SANTA LUCÍA,Municipio,-74.959204,10.324303,08675
08685,08,SANTO TOMÁS,Municipio,-74.757859,10.758735,08685
08758,08,SOLEDAD,Municipio,-74.786054,10.909921,08758
08770,08,SUAN,Municipio,-74.881687,10.335432,08770
08832,08,TUBARÁ,Municipio,-74.978704,10.873586,08832
08849,08,USIACURÍ,Municipio,-74.976985,10.74298,08849
11001,11,"BOGOTÁ, D.C.",Municipio,-74.106992,4.649251,11001
13001,13,CARTAGENA DE INDIAS,Municipio,-75.496269,10.385126,13001
13006,13,ACHÍ,Municipio,-74.557676,8.570107,13006
13030,13,ALTOS DEL ROSARIO,Municipio,-74.164905,8.791865,13030
13042,13,ARENAL,Municipio,-73.941099,8.458865,13042
13052,13,ARJONA,Municipio,-75.344332,10.25666,13052
13062,13,ARROYOHONDO,Municipio,-75.019215,10.250075,13062
13074,13,BARRANCO DE LOBA,Municipio,-74.104391,8.947787,13074
13140,13,CALAMAR,Municipio,-74.916144,10.250431,13140
13160,13,CANTAGALLO,Municipio,-73.914605,7.378678,13160
13188,13,CICUCO,Municipio,-74.645981,9.274281,13188
13212,13,CÓRDOBA,Municipio,-74.827399,9.586942,13212
13222,13,CLEMENCIA,Municipio,-75.328469,10.567452,13222
13244,13,EL CARMEN DE BOLÍVAR,Municipio,-75.121178,9.718653,13244
13248,13,EL GUAMO,Municipio,-74.976084,10.030958,13248
13268,13,EL PEÑÓN,Municipio,-73.949274,8.988271,13268
13300,13,HATILLO DE LOBA,Municipio,-74.077912,8.956014,13300
13430,13,MAGANGUÉ,Municipio,-74.766742,9.263799,13430
13433,13,MAHATES,Municipio,-75.191643,10.233285,13433
13440,13,MARGARITA,Municipio,-74.285137,9.15784,13440
13442,13,MARÍA LA BAJA,Municipio,-75.300516,9.982402,13442
13458,13,MONTECRISTO,Municipio,-74.471176,8.297234,13458
13468,13,SANTA CRUZ DE MOMPOX,Municipio,-74.42818,9.244241,13468
13473,13,MORALES,Municipio,-73.868172,8.276558,13473
13490,13,NOROSÍ,Municipio,-74.038003,8.526259,13490
13549,13,PINILLOS,Municipio,-74.462279,8.914947,13549
13580,13,REGIDOR,Municipio,-73.821638,8.666258,13580
13600,13,RÍO VIEJO,Municipio,-73.840466,8.58795,13600
13620,13,SAN CRISTÓBAL,Municipio,-75.065076,10.392836,13620
13647,13,SAN ESTANISLAO,Municipio,-75.153101,10.398602,13647
13650,13,SAN FERNANDO,Municipio,-74.323811,9.214183,13650
13654,13,SAN JACINTO,Municipio,-75.12105,9.830275,13654
13655,13,SAN JACINTO DEL CAUCA,Municipio,-74.721156,8.25158,13655
13657,13,SAN JUAN NEPOMUCENO,Municipio,-75.081761,9.953751,13657
13667,13,SAN MARTÍN DE LOBA,Municipio,-74.039134,8.937485,13667
13670,13,SAN PABLO,Municipio,-73.924602,7.476747,13670
13673,13,SANTA CATALINA,Municipio,-75.287855,10.605294,13673
13683,13,SANTA ROSA,Municipio,-75.369824,10.444396,13683
13688,13,SANTA ROSA DEL SUR,Municipio,-74.052243,7.963938,13688
13744,13,SIMITÍ,Municipio,-73.947264,7.953916,13744
13760,13,SOPLAVIENTO,Municipio,-75.136404,10.38839,13760
13780,13,TALAIGUA NUEVO,Municipio,-74.567479,9.30403,13780
13810,13,TIQUISIO,Municipio,-74.262922,8.558666,13810
13836,13,TURBACO,Municipio,-75.427249,10.348316,13836
13838,13,TURBANÁ,Municipio,-75.44265,10.274585,13838
13873,13,VILLANUEVA,Municipio,-75.275613,10.444089,13873
13894,13,ZAMBRANO,Municipio,-74.817879,9.746306,13894
15001,15,TUNJA,Municipio,-73.355539,5.53988,15001
15022,15,ALMEIDA,Municipio,-73.378933,4.970857,15022
15047,15,AQUITANIA,Municipio,-72.88399,5.518602,15047
15051,15,ARCABUCO,Municipio,-73.437503,5.755673,15051
15087,15,BELÉN,Municipio,-72.911641,5.98923,15087
15090,15,BERBEO,Municipio,-73.12721,5.227451,15090
15092,15,BETÉITIVA,Municipio,-72.809014,5.909978,15092
15097,15,BOAVITA,Municipio,-72.584905,6.330703,15097
15104,15,BOYACÁ,Municipio,-73.361945,5.454578,15104
15106,15,BRICEÑO,Municipio,-73.92326,5.690879,15106
15109,15,BUENAVISTA,Municipio,-73.94217,5.512594,15109
15114,15,BUSBANZÁ,Municipio,-72.884158,5.831393,15114
15131,15,CALDAS,Municipio,-73.865553,5.55458,15131
15135,15,CAMPOHERMOSO,Municipio,-73.104173,5.031676,15135
15162,15,CERINZA,Municipio,-72.947918,5.955939,15162
15172,15,CHINAVITA,Municipio,-73.368476,5.167486,15172
15176,15,CHIQUINQUIRÁ,Municipio,-73.818745,5.61379,15176
15180,15,CHISCAS,Municipio,-72.500957,6.553136,15180
15183,15,CHITA,Municipio,-72.471892,6.187083,15183
15185,15,CHITARAQUE,Municipio,-73.4471,6.027425,15185
15187,15,CHIVATÁ,Municipio,-73.282529,5.558949,15187
15189,15,CIÉNEGA,Municipio,-73.296049,5.408694,15189
15204,15,CÓMBITA,Municipio,-73.323957,5.634545,15204
15212,15,COPER,Municipio,-74.045636,5.475074,15212
15215,15,CORRALES,Municipio,-72.844795,5.828064,15215
15218,15,COVARACHÍA,Municipio,-72.738978,6.500177,15218
15223,15,CUBARÁ,Municipio,-72.107939,6.997275,15223
15224,15,CUCAITA,Municipio,-73.454338,5.544452,15224
15226,15,CUÍTIVA,Municipio,-72.965923,5.580367,15226
15232,15,CHÍQUIZA,Municipio,-73.449463,5.639834,15232
15236,15,CHIVOR,Municipio,-73.368398,4.888173,15236
15238,15,DUITAMA,Municipio,-73.03063,5.822964,15238
15244,15,EL COCUY,Municipio,-72.444537,6.407738,15244
15248,15,EL ESPINO,Municipio,-72.497007,6.483027,15248
15272,15,FIRAVITOBA,Municipio,-72.993392,5.668885,15272
15276,15,FLORESTA,Municipio,-72.918111,5.859519,15276
15293,15,GACHANTIVÁ,Municipio,-73.549092,5.751891,15293
15296,15,GÁMEZA,Municipio,-72.80553,5.802333,15296
15299,15,GARAGOA,Municipio,-73.364413,5.083234,15299
15317,15,GUACAMAYAS,Municipio,-72.500812,6.459667,15317
15322,15,GUATEQUE,Municipio,-73.471207,5.007321,15322
15325,15,GUAYATÁ,Municipio,-73.489698,4.967122,15325
15332,15,GÜICÁN DE LA SIERRA,Municipio,-72.411763,6.462864,15332
15362,15,IZA,Municipio,-72.979559,5.611577,15362
15367,15,JENESANO,Municipio,-73.363738,5.385813,15367
15368,15,JERICÓ,Municipio,-72.571122,6.145735,15368
15377,15,LABRANZAGRANDE,Municipio,-72.57777,5.562687,15377
15380,15,LA CAPILLA,Municipio,-73.444347,5.095687,15380
15401,15,LA VICTORIA,Municipio,-74.234393,5.523792,15401
15403,15,LA UVITA,Municipio,-72.559982,6.31616,15403
15407,15,VILLA DE LEYVA,Municipio,-73.524948,5.632455,15407
15425,15,MACANAL,Municipio,-73.319593,4.972464,15425
15442,15,MARIPÍ,Municipio,-74.00405,5.550091,15442
15455,15,MIRAFLORES,Municipio,-73.14563,5.196515,15455
15464,15,MONGUA,Municipio,-72.79809,5.754242,15464
15466,15,MONGUÍ,Municipio,-72.849292,5.723486,15466
15469,15,MONIQUIRÁ,Municipio,-73.573374,5.876331,15469
15476,15,MOTAVITA,Municipio,-73.367841,5.5777,15476
15480,15,MUZO,Municipio,-74.10269,5.532758,15480
15491,15,NOBSA,Municipio,-72.937042,5.768046,15491
15494,15,NUEVO COLÓN,Municipio,-73.456759,5.355317,15494
15500,15,OICATÁ,Municipio,-73.308399,5.595235,15500
15507,15,OTANCHE,Municipio,-74.180965,5.657536,15507
15511,15,PACHAVITA,Municipio,-73.396953,5.140065,15511
15514,15,PÁEZ,Municipio,-73.052737,5.097319,15514
15516,15,PAIPA,Municipio,-73.11782,5.779894,15516
15518,15,PAJARITO,Municipio,-72.703231,5.293783,15518
15522,15,PANQUEBA,Municipio,-72.459424,6.443416,15522
15531,15,PAUNA,Municipio,-73.978449,5.656323,15531
15533,15,PAYA,Municipio,-72.423775,5.625699,15533
15537,15,PAZ DE RÍO,Municipio,-72.749137,5.987645,15537
15542,15,PESCA,Municipio,-73.050872,5.558808,15542
15550,15,PISBA,Municipio,-72.486023,5.72141,15550
15572,15,PUERTO BOYACÁ,Municipio,-74.587782,5.976646,15572
15580,15,QUÍPAMA,Municipio,-74.180033,5.52055,15580
15599,15,RAMIRIQUÍ,Municipio,-73.334839,5.400303,15599
15600,15,RÁQUIRA,Municipio,-73.632543,5.539136,15600
15621,15,RONDÓN,Municipio,-73.208474,5.357378,15621
15632,15,SABOYÁ,Municipio,-73.764456,5.697756,15632
15638,15,SÁCHICA,Municipio,-73.542539,5.584305,15638
15646,15,SAMACÁ,Municipio,-73.485589,5.492161,15646
15660,15,SAN EDUARDO,Municipio,-73.077747,5.22401,15660
15664,15,SAN JOSÉ DE PARE,Municipio,-73.545397,6.018924,15664
15667,15,SAN LUIS DE GACENO,Municipio,-73.168076,4.81976,15667
15673,15,SAN MATEO,Municipio,-72.555264,6.401683,15673
15676,15,SAN MIGUEL DE SEMA,Municipio,-73.722009,5.518083,15676
15681,15,SAN PABLO DE BORBUR,Municipio,-74.069963,5.650743,15681
15686,15,SANTANA,Municipio,-73.481639,6.056866,15686
15690,15,SANTA MARÍA,Municipio,-73.263518,4.857193,15690
15693,15,SANTA ROSA DE VITERBO,Municipio,-72.982461,5.874547,15693
15696,15,SANTA SOFÍA,Municipio,-73.602707,5.713269,15696
15720,15,SATIVANORTE,Municipio,-72.708458,6.131132,15720
15723,15,SATIVASUR,Municipio,-72.712435,6.093183,15723
15740,15,SIACHOQUE,Municipio,-73.24466,5.511811,15740
15753,15,SOATÁ,Municipio,-72.684051,6.331945,15753
15755,15,SOCOTÁ,Municipio,-72.636653,6.041162,15755
15757,15,SOCHA,Municipio,-72.691963,5.996717,15757
15759,15,SOGAMOSO,Municipio,-72.924355,5.723976,15759
15761,15,SOMONDOCO,Municipio,-73.433393,4.985726,15761
15762,15,SORA,Municipio,-73.450153,5.56684,15762
15763,15,SOTAQUIRÁ,Municipio,-73.246585,5.764986,15763
15764,15,SORACÁ,Municipio,-73.332804,5.500898,15764
15774,15,SUSACÓN,Municipio,-72.690289,6.230332,15774
15776,15,SUTAMARCHÁN,Municipio,-73.620536,5.619781,15776
15778,15,SUTATENZA,Municipio,-73.452317,5.022989,15778
15790,15,TASCO,Municipio,-72.781011,5.909821,15790
15798,15,TENZA,Municipio,-73.421176,5.076781,15798
15804,15,TIBANÁ,Municipio,-73.396457,5.317251,15804
15806,15,TIBASOSA,Municipio,-72.999449,5.74723,15806
15808,15,TINJACÁ,Municipio,-73.646847,5.579713,15808
15810,15,TIPACOQUE,Municipio,-72.691729,6.419203,15810
15814,15,TOCA,Municipio,-73.184794,5.566464,15814
15816,15,TOGÜÍ,Municipio,-73.513655,5.937438,15816
15820,15,TÓPAGA,Municipio,-72.832245,5.768201,15820
15822,15,TOTA,Municipio,-72.985898,5.560497,15822
15832,15,TUNUNGUÁ,Municipio,-73.933155,5.730582,15832
15835,15,TURMEQUÉ,Municipio,-73.491825,5.323261,15835
15837,15,TUTA,Municipio,-73.230285,5.689082,15837
15839,15,TUTAZÁ,Municipio,-72.856035,6.032608,15839
15842,15,ÚMBITA,Municipio,-73.456917,5.221176,15842
15861,15,VENTAQUEMADA,Municipio,-73.522368,5.368739,15861
15879,15,VIRACACHÁ,Municipio,-73.296894,5.436833,15879
15897,15,ZETAQUIRA,Municipio,-73.17098,5.283443,15897
17001,17,MANIZALES,Municipio,-75.491025,5.057657,17001
17013,17,AGUADAS,Municipio,-75.45487,5.610244,17013
17042,17,ANSERMA,Municipio,-75.784343,5.236471,17042
17050,17,ARANZAZU,Municipio,-75.49129,5.271195,17050
17088,17,BELALCÁZAR,Municipio,-75.811918,4.993785,17088
17174,17,CHINCHINÁ,Municipio,-75.607529,4.985227,17174
17272,17,FILADELFIA,Municipio,-75.562474,5.297091,17272
17380,17,LA DORADA,Municipio,-74.668819,5.460834,17380
17388,17,LA MERCED,Municipio,-75.546486,5.39647,17388
17433,17,MANZANARES,Municipio,-75.152829,5.255699,17433
17442,17,MARMATO,Municipio,-75.600049,5.47422,17442
17444,17,MARQUETALIA,Municipio,-75.053097,5.297525,17444
17446,17,MARULANDA,Municipio,-75.259721,5.284304,17446
17486,17,NEIRA,Municipio,-75.520006,5.166895,17486
17495,17,NORCASIA,Municipio,-74.889543,5.574796,17495
17513,17,PÁCORA,Municipio,-75.459621,5.527172,17513
17524,17,PALESTINA,Municipio,-75.624577,5.017879,17524
17541,17,PENSILVANIA,Municipio,-75.160299,5.383281,17541
17614,17,RIOSUCIO,Municipio,-75.702104,5.423673,17614
17616,17,RISARALDA,Municipio,-75.76722,5.164509,17616
17653,17,SALAMINA,Municipio,-75.487223,5.403025,17653
17662,17,SAMANÁ,Municipio,-74.992263,5.41308,17662
17665,17,SAN JOSÉ,Municipio,-75.792063,5.08231,17665
17777,17,SUPÍA,Municipio,-75.64966,5.446843,17777
17867,17,VICTORIA,Municipio,-74.911239,5.317437,17867
17873,17,VILLAMARÍA,Municipio,-75.502487,5.038925,17873
17877,17,VITERBO,Municipio,-75.87061,5.062664,17877
18001,18,FLORENCIA,Municipio,-75.609831,1.618196,18001
18029,18,ALBANIA,Municipio,-75.878375,1.328526,18029
18094,18,BELÉN DE LOS ANDAQUÍES,Municipio,-75.872405,1.415812,18094
18150,18,CARTAGENA DEL CHAIRÁ,Municipio,-74.847867,1.332371,18150
18205,18,CURILLO,Municipio,-75.919205,1.033473,18205
18247,18,EL DONCELLO,Municipio,-75.283631,1.679951,18247
18256,18,EL PAUJÍL,Municipio,-75.326093,1.570226,18256
18410,18,LA MONTAÑITA,Municipio,-75.436408,1.479173,18410
18460,18,MILÁN,Municipio,-75.506926,1.29021,18460
18479,18,MORELIA,Municipio,-75.724146,1.486611,18479
18592,18,PUERTO RICO,Municipio,-75.157604,1.909063,18592
18610,18,SAN JOSÉ DEL FRAGUA,Municipio,-75.973796,1.330266,18610
18753,18,SAN VICENTE DEL CAGUÁN,Municipio,-74.767894,2.119413,18753
18756,18,SOLANO,Municipio,-75.253702,0.699077,18756
18785,18,SOLITA,Municipio,-75.619902,0.87654,18785
18860,18,VALPARAÍSO,Municipio,-75.70671,1.194619,18860
19001,19,POPAYÁN,Municipio,-76.599377,2.459641,19001
19022,19,ALMAGUER,Municipio,-76.85607,1.913429,19022
19050,19,ARGELIA,Municipio,-77.24905,2.257427,19050
19075,19,BALBOA,Municipio,-77.215773,2.040998,19075
19100,19,BOLÍVAR,Municipio,-76.966215,1.837538,19100
19110,19,BUENOS AIRES,Municipio,-76.642238,3.015382,19110
19130,19,CAJIBÍO,Municipio,-76.570682,2.623371,19130
19137,19,CALDONO,Municipio,-76.484319,2.798059,19137
19142,19,CALOTO,Municipio,-76.408941,3.034531,19142
19212,19,CORINTO,Municipio,-76.261866,3.173854,19212
19256,19,EL TAMBO,Municipio,-76.810911,2.451409,19256
19290,19,FLORENCIA,Municipio,-77.072547,1.682535,19290
19300,19,GUACHENÉ,Municipio,-76.392189,3.134153,19300
19318,19,GUAPI,Municipio,-77.88797,2.571337,19318
19355,19,INZÁ,Municipio,-76.063503,2.549183,19355
19364,19,JAMBALÓ,Municipio,-76.323877,2.777834,19364
19392,19,LA SIERRA,Municipio,-76.763278,2.179383,19392
19397,19,LA VEGA,Municipio,-76.778771,2.001803,19397
19418,19,LÓPEZ DE MICAY,Municipio,-77.247803,2.846788,19418
19450,19,MERCADERES,Municipio,-77.164319,1.789193,19450
19455,19,MIRANDA,Municipio,-76.228722,3.254651,19455
19473,19,MORALES,Municipio,-76.629106,2.754684,19473
19513,19,PADILLA,Municipio,-76.313265,3.220984,19513
19517,19,PÁEZ,Municipio,-75.970685,2.645724,19517
19532,19,PATÍA,Municipio,-76.981075,2.115875,19532
19533,19,PIAMONTE,Municipio,-76.327588,1.11754,19533
19548,19,PIENDAMÓ - TUNÍA,Municipio,-76.528615,2.64228,19548
19573,19,PUERTO TEJADA,Municipio,-76.417673,3.233254,19573
19585,19,PURACÉ,Municipio,-76.496698,2.341507,19585
19622,19,ROSAS,Municipio,-76.740336,2.260941,19622
19693,19,SAN SEBASTIÁN,Municipio,-76.769467,1.838451,19693
19698,19,SANTANDER DE QUILICHAO,Municipio,-76.485141,3.015008,19698
19701,19,SANTA ROSA,Municipio,-76.573252,1.700916,19701
19743,19,SILVIA,Municipio,-76.379753,2.611927,19743
19760,19,SOTARÁ - PAISPAMBA,Municipio,-76.613365,2.253156,19760
19780,19,SUÁREZ,Municipio,-76.69357,2.959785,19780
19785,19,SUCRE,Municipio,-76.926279,2.038237,19785
19807,19,TIMBÍO,Municipio,-76.684476,2.349686,19807
19809,19,TIMBIQUÍ,Municipio,-77.667541,2.777312,19809
19821,19,TORIBÍO,Municipio,-76.270284,2.953017,19821
19824,19,TOTORÓ,Municipio,-76.403628,2.510252,19824
19845,19,VILLA RICA,Municipio,-76.458025,3.17762,19845
20001,20,VALLEDUPAR,Municipio,-73.259398,10.460472,20001
20011,20,AGUACHICA,Municipio,-73.614027,8.306811,20011
20013,20,AGUSTÍN CODAZZI,Municipio,-73.238389,10.040454,20013
20032,20,ASTREA,Municipio,-73.975842,9.498062,20032
20045,20,BECERRIL,Municipio,-73.278707,9.704404,20045
20060,20,BOSCONIA,Municipio,-73.888761,9.975098,20060
20175,20,CHIMICHAGUA,Municipio,-73.813278,9.25875,20175
20178,20,CHIRIGUANÁ,Municipio,-73.599913,9.361058,20178
20228,20,CURUMANÍ,Municipio,-73.540843,9.201716,20228
20238,20,EL COPEY,Municipio,-73.962703,10.149883,20238
20250,20,EL PASO,Municipio,-73.742012,9.668461,20250
20295,20,GAMARRA,Municipio,-73.737558,8.324793,20295
20310,20,GONZÁLEZ,Municipio,-73.38004,8.389604,20310
20383,20,LA GLORIA,Municipio,-73.80321,8.619298,20383
20400,20,LA JAGUA DE IBIRICO,Municipio,-73.334143,9.563752,20400
20443,20,MANAURE BALCÓN DEL CESAR,Municipio,-73.029472,10.390776,20443
20517,20,PAILITAS,Municipio,-73.625825,8.959399,20517
20550,20,PELAYA,Municipio,-73.666735,8.689451,20550
20570,20,PUEBLO BELLO,Municipio,-73.586211,10.417321,20570
20614,20,RÍO DE ORO,Municipio,-73.386393,8.292292,20614
20621,20,LA PAZ,Municipio,-73.171365,10.387552,20621
20710,20,SAN ALBERTO,Municipio,-73.393889,7.76111,20710
20750,20,SAN DIEGO,Municipio,-73.181208,10.333039,20750
20770,20,SAN MARTÍN,Municipio,-73.510914,7.999855,20770
20787,20,TAMALAMEQUE,Municipio,-73.812172,8.861725,20787
23001,23,MONTERÍA,Municipio,-75.873096,8.759789,23001
23068,23,AYAPEL,Municipio,-75.146048,8.313838,23068
23079,23,BUENAVISTA,Municipio,-75.480897,8.221187,23079
23090,23,CANALETE,Municipio,-76.241476,8.786939,23090
23162,23,CERETÉ,Municipio,-75.796093,8.888532,23162
23168,23,CHIMÁ,Municipio,-75.626886,9.149698,23168
23182,23,CHINÚ,Municipio,-75.399633,9.105473,23182
23189,23,CIÉNAGA DE ORO,Municipio,-75.620807,8.875794,23189
23300,23,COTORRA,Municipio,-75.799216,9.037163,23300
23350,23,LA APARTADA,Municipio,-75.336031,8.050125,23350
23417,23,LORICA,Municipio,-75.816084,9.240789,23417
23419,23,LOS CÓRDOBAS,Municipio,-76.35518,8.892098,23419
23464,23,MOMIL,Municipio,-75.67796,9.240707,23464
23466,23,MONTELÍBANO,Municipio,-75.416818,7.973777,23466
23500,23,MOÑITOS,Municipio,-76.1291,9.245223,23500
23555,23,PLANETA RICA,Municipio,-75.583241,8.4082,23555
23570,23,PUEBLO NUEVO,Municipio,-75.508035,8.504099,23570
23574,23,PUERTO ESCONDIDO,Municipio,-76.260411,9.005372,23574
23580,23,PUERTO LIBERTADOR,Municipio,-75.671761,7.888859,23580
23586,23,PURÍSIMA DE LA CONCEPCIÓN,Municipio,-75.724987,9.239295,23586
23660,23,SAHAGÚN,Municipio,-75.445834,8.943048,23660
23670,23,SAN ANDRÉS DE SOTAVENTO,Municipio,-75.50879,9.145448,23670
23672,23,SAN ANTERO,Municipio,-75.76112,9.376434,23672
23675,23,SAN BERNARDO DEL VIENTO,Municipio,-75.955107,9.35247,23675
23678,23,SAN CARLOS,Municipio,-75.698799,8.799282,23678
23682,23,SAN JOSÉ DE URÉ,Municipio,-75.533476,7.787303,23682
23686,23,SAN PELAYO,Municipio,-75.835615,8.958436,23686
23807,23,TIERRALTA,Municipio,-76.059797,8.170612,23807
23815,23,TUCHÍN,Municipio,-75.553962,9.186625,23815
23855,23,VALENCIA,Municipio,-76.150756,8.255016,23855
25001,25,AGUA DE DIOS,Municipio,-74.669221,4.375309,25001
25019,25,ALBÁN,Municipio,-74.438261,4.878022,25019
25035,25,ANAPOIMA,Municipio,-74.528676,4.562737,25035
25040,25,ANOLAIMA,Municipio,-74.46384,4.7617,25040
25053,25,ARBELÁEZ,Municipio,-74.414901,4.272534,25053
25086,25,BELTRÁN,Municipio,-74.741666,4.802832,25086
25095,25,BITUIMA,Municipio,-74.539609,4.872171,25095
25099,25,BOJACÁ,Municipio,-74.344594,4.737205,25099
25120,25,CABRERA,Municipio,-74.484549,3.985164,25120
25123,25,CACHIPAY,Municipio,-74.435711,4.730957,25123
25126,25,CAJICÁ,Municipio,-74.02298,4.920009,25126
25148,25,CAPARRAPÍ,Municipio,-74.491045,5.34758,25148
25151,25,CÁQUEZA,Municipio,-73.946473,4.404112,25151
25154,25,CARMEN DE CARUPA,Municipio,-73.901357,5.349119,25154
25168,25,CHAGUANÍ,Municipio,-74.593455,4.948916,25168
25175,25,CHÍA,Municipio,-74.05,4.866508,25175
25178,25,CHIPAQUE,Municipio,-74.044876,4.442671,25178
25181,25,CHOACHÍ,Municipio,-73.922894,4.527048,25181
25183,25,CHOCONTÁ,Municipio,-73.683533,5.145224,25183
25200,25,COGUA,Municipio,-73.978497,5.061842,25200
25214,25,COTA,Municipio,-74.102569,4.812564,25214
25224,25,CUCUNUBÁ,Municipio,-73.766113,5.249795,25224
25245,25,EL COLEGIO,Municipio,-74.442261,4.577951,25245
25258,25,EL PEÑÓN,Municipio,-74.290207,5.248747,25258
25260,25,EL ROSAL,Municipio,-74.263103,4.850589,25260
25269,25,FACATATIVÁ,Municipio,-74.350085,4.813353,25269
25279,25,FÓMEQUE,Municipio,-73.892523,4.485474,25279
25281,25,FOSCA,Municipio,-73.93902,4.339093,25281
25286,25,FUNZA,Municipio,-74.201528,4.710412,25286
25288,25,FÚQUENE,Municipio,-73.795855,5.403997,25288
25290,25,FUSAGASUGÁ,Municipio,-74.37543,4.336723,25290
25293,25,GACHALÁ,Municipio,-73.520161,4.693579,25293
25295,25,GACHANCIPÁ,Municipio,-73.873464,4.990947,25295
25297,25,GACHETÁ,Municipio,-73.636377,4.816411,25297
25299,25,GAMA,Municipio,-73.611037,4.763325,25299
25307,25,GIRARDOT,Municipio,-74.798201,4.313069,25307
25312,25,GRANADA,Municipio,-74.350766,4.519763,25312
25317,25,GUACHETÁ,Municipio,-73.686972,5.383378,25317
25320,25,GUADUAS,Municipio,-74.603402,5.072076,25320
25322,25,GUASCA,Municipio,-73.877143,4.866719,25322
25324,25,GUATAQUÍ,Municipio,-74.790058,4.517517,25324
25326,25,GUATAVITA,Municipio,-73.83293,4.935211,25326
25328,25,GUAYABAL DE SÍQUIMA,Municipio,-74.467437,4.877968,25328
25335,25,GUAYABETAL,Municipio,-73.815107,4.215306,25335
25339,25,GUTIÉRREZ,Municipio,-74.003042,4.254679,25339
25368,25,JERUSALÉN,Municipio,-74.695474,4.562273,25368
25372,25,JUNÍN,Municipio,-73.662961,4.79057,25372
25377,25,LA CALERA,Municipio,-73.968161,4.721104,25377
25386,25,LA MESA,Municipio,-74.461588,4.631028,25386
25394,25,LA PALMA,Municipio,-74.391022,5.358816,25394
25398,25,LA PEÑA,Municipio,-74.394105,5.198945,25398
25402,25,LA VEGA,Municipio,-74.336885,4.997768,25402
25407,25,LENGUAZAQUE,Municipio,-73.711512,5.306131,25407
25426,25,MACHETÁ,Municipio,-73.608226,5.08007,25426
25430,25,MADRID,Municipio,-74.265854,4.732791,25430
25436,25,MANTA,Municipio,-73.540444,5.009008,25436
25438,25,MEDINA,Municipio,-73.348449,4.506298,25438
25473,25,MOSQUERA,Municipio,-74.221154,4.70653,25473
25483,25,NARIÑO,Municipio,-74.824732,4.399837,25483
25486,25,NEMOCÓN,Municipio,-73.877888,5.068705,25486
25488,25,NILO,Municipio,-74.620009,4.305838,25488
25489,25,NIMAIMA,Municipio,-74.38604,5.125992,25489
25491,25,NOCAIMA,Municipio,-74.379093,5.069466,25491
25506,25,VENECIA,Municipio,-74.478301,4.089056,25506
25513,25,PACHO,Municipio,-74.156132,5.136907,25513
25518,25,PAIME,Municipio,-74.152213,5.370487,25518
25524,25,PANDI,Municipio,-74.486641,4.190393,25524
25530,25,PARATEBUENO,Municipio,-73.212825,4.374832,25530
25535,25,PASCA,Municipio,-74.302276,4.308979,25535
25572,25,PUERTO SALGAR,Municipio,-74.653695,5.465413,25572
25580,25,PULÍ,Municipio,-74.71438,4.682022,25580
25592,25,QUEBRADANEGRA,Municipio,-74.48014,5.118076,25592
25594,25,QUETAME,Municipio,-73.863214,4.329884,25594
25596,25,QUIPILE,Municipio,-74.533705,4.74481,25596
25599,25,APULO,Municipio,-74.593926,4.520304,25599
25612,25,RICAURTE,Municipio,-74.772861,4.282113,25612
25645,25,SAN ANTONIO DEL TEQUENDAMA,Municipio,-74.351443,4.616138,25645
25649,25,SAN BERNARDO,Municipio,-74.42296,4.179433,25649
25653,25,SAN CAYETANO,Municipio,-74.024754,5.332938,25653
25658,25,SAN FRANCISCO,Municipio,-74.289672,4.972917,25658
25662,25,SAN JUAN DE RIOSECO,Municipio,-74.621919,4.847575,25662
25718,25,SASAIMA,Municipio,-74.432628,4.962167,25718
25736,25,SESQUILÉ,Municipio,-73.796099,5.04476,25736
25740,25,SIBATÉ,Municipio,-74.257874,4.492625,25740
25743,25,SILVANIA,Municipio,-74.405534,4.381981,25743
25745,25,SIMIJACA,Municipio,-73.850703,5.505231,25745
25754,25,SOACHA,Municipio,-74.215463,4.579268,25754
25758,25,SOPÓ,Municipio,-73.943328,4.915395,25758
25769,25,SUBACHOQUE,Municipio,-74.172773,4.929118,25769
25772,25,SUESCA,Municipio,-73.798227,5.103495,25772
25777,25,SUPATÁ,Municipio,-74.235403,5.06162,25777
25779,25,SUSA,Municipio,-73.813938,5.455291,25779
25781,25,SUTATAUSA,Municipio,-73.853159,5.247482,25781
25785,25,TABIO,Municipio,-74.096461,4.916832,25785
25793,25,TAUSA,Municipio,-73.887813,5.196333,25793
25797,25,TENA,Municipio,-74.389193,4.655286,25797
25799,25,TENJO,Municipio,-74.143724,4.872014,25799
25805,25,TIBACUY,Municipio,-74.452662,4.348605,25805
25807,25,TIBIRITA,Municipio,-73.504514,5.052278,25807
25815,25,TOCAIMA,Municipio,-74.636296,4.459279,25815
25817,25,TOCANCIPÁ,Municipio,-73.91207,4.964641,25817
25823,25,TOPAIPÍ,Municipio,-74.300626,5.336224,25823
25839,25,UBALÁ,Municipio,-73.531489,4.74762,25839
25841,25,UBAQUE,Municipio,-73.933477,4.483788,25841
25843,25,VILLA DE SAN DIEGO DE UBATÉ,Municipio,-73.814367,5.307463,25843
25845,25,UNE,Municipio,-74.025183,4.40245,25845
25851,25,ÚTICA,Municipio,-74.483154,5.19055,25851
25862,25,VERGARA,Municipio,-74.346163,5.117258,25862
25867,25,VIANÍ,Municipio,-74.56132,4.875208,25867
25871,25,VILLAGÓMEZ,Municipio,-74.195145,5.273024,25871
25873,25,VILLAPINZÓN,Municipio,-73.595704,5.216393,25873
25875,25,VILLETA,Municipio,-74.469686,5.012754,25875
25878,25,VIOTÁ,Municipio,-74.523131,4.43935,25878
25885,25,YACOPÍ,Municipio,-74.33806,5.459272,25885
25898,25,ZIPACÓN,Municipio,-74.379566,4.759932,25898
25899,25,ZIPAQUIRÁ,Municipio,-73.994444,5.025477,25899
27001,27,QUIBDÓ,Municipio,-76.638144,5.682166,27001
27006,27,ACANDÍ,Municipio,-77.279951,8.512178,27006
27025,27,ALTO BAUDÓ,Municipio,-76.974373,5.516221,27025
27050,27,ATRATO,Municipio,-76.635674,5.531419,27050
27073,27,BAGADÓ,Municipio,-76.416063,5.409681,27073
27075,27,BAHÍA SOLANO,Municipio,-77.401359,6.222807,27075
27077,27,BAJO BAUDÓ,Municipio,-77.365717,4.954576,27077
27099,27,BOJAYÁ,Municipio,-76.886773,6.559708,27099
27135,27,EL CANTÓN DEL SAN PABLO,Municipio,-76.726844,5.335321,27135
27150,27,CARMEN DEL DARIÉN,Municipio,-76.970798,7.158294,27150
27160,27,CÉRTEGUI,Municipio,-76.607619,5.371373,27160
27205,27,CONDOTO,Municipio,-76.650683,5.091003,27205
27245,27,EL CARMEN DE ATRATO,Municipio,-76.142112,5.899789,27245
27250,27,EL LITORAL DEL SAN JUAN,Municipio,-77.363702,4.259564,27250
27361,27,ISTMINA,Municipio,-76.68518,5.153946,27361
27372,27,JURADÓ,Municipio,-77.762751,7.103619,27372
27413,27,LLORÓ,Municipio,-76.545147,5.49789,27413
27425,27,MEDIO ATRATO,Municipio,-76.783042,5.994935,27425
27430,27,MEDIO BAUDÓ,Municipio,-76.950891,5.192471,27430
27450,27,MEDIO SAN JUAN,Municipio,-76.694409,5.098291,27450
27491,27,NÓVITA,Municipio,-76.609467,4.956063,27491
27493,27,NUEVO BELÉN DE BAJIRÁ,Municipio,-76.71727,7.3719,27493
27495,27,NUQUÍ,Municipio,-77.265507,5.709812,27495
27580,27,RÍO IRÓ,Municipio,-76.472925,5.1863,27580
27600,27,RÍO QUITO,Municipio,-76.740684,5.483667,27600
27615,27,RIOSUCIO,Municipio,-77.113156,7.436704,27615
27660,27,SAN JOSÉ DEL PALMAR,Municipio,-76.234227,4.896954,27660
27745,27,SIPÍ,Municipio,-76.643453,4.65262,27745
27787,27,TADÓ,Municipio,-76.558571,5.264873,27787
27800,27,UNGUÍA,Municipio,-77.092538,8.04406,27800
27810,27,UNIÓN PANAMERICANA,Municipio,-76.630143,5.281108,27810
41001,41,NEIVA,Municipio,-75.277327,2.935432,41001
41006,41,ACEVEDO,Municipio,-75.888706,1.805173,41006
41013,41,AGRADO,Municipio,-75.772022,2.25987,41013
41016,41,AIPE,Municipio,-75.239017,3.223996,41016
41020,41,ALGECIRAS,Municipio,-75.315389,2.521674,41020
41026,41,ALTAMIRA,Municipio,-75.788471,2.063841,41026
41078,41,BARAYA,Municipio,-75.054843,3.152204,41078
41132,41,CAMPOALEGRE,Municipio,-75.325748,2.686767,41132
41206,41,COLOMBIA,Municipio,-74.802815,3.376745,41206
41244,41,ELÍAS,Municipio,-75.938301,2.012854,41244
41298,41,GARZÓN,Municipio,-75.627057,2.196493,41298
41306,41,GIGANTE,Municipio,-75.547681,2.384031,41306
41319,41,GUADALUPE,Municipio,-75.757185,2.02426,41319
41349,41,HOBO,Municipio,-75.447697,2.580812,41349
41357,41,ÍQUIRA,Municipio,-75.634497,2.649359,41357
41359,41,ISNOS,Municipio,-76.217637,1.929467,41359
41378,41,LA ARGENTINA,Municipio,-75.979763,2.198496,41378
41396,41,LA PLATA,Municipio,-75.891254,2.389263,41396
41483,41,NÁTAGA,Municipio,-75.808756,2.5451,41483
41503,41,OPORAPA,Municipio,-75.995165,2.025088,41503
41518,41,PAICOL,Municipio,-75.773158,2.449651,41518
41524,41,PALERMO,Municipio,-75.435296,2.889649,41524
41530,41,PALESTINA,Municipio,-76.133251,1.723725,41530
41548,41,PITAL,Municipio,-75.804544,2.266618,41548
41551,41,PITALITO,Municipio,-76.049441,1.852631,41551
41615,41,RIVERA,Municipio,-75.258753,2.777586,41615
41660,41,SALADOBLANCO,Municipio,-76.044747,1.9934,41660
41668,41,SAN AGUSTÍN,Municipio,-76.27036,1.881081,41668
41676,41,SANTA MARÍA,Municipio,-75.586223,2.939603,41676
41770,41,SUAZA,Municipio,-75.79525,1.976051,41770
41791,41,TARQUI,Municipio,-75.823976,2.111325,41791
41797,41,TESALIA,Municipio,-75.730271,2.486364,41797
41799,41,TELLO,Municipio,-75.138773,3.067538,41799
41801,41,TERUEL,Municipio,-75.567034,2.740968,41801
41807,41,TIMANÁ,Municipio,-75.932167,1.974539,41807
41872,41,VILLAVIEJA,Municipio,-75.217174,3.218822,41872
41885,41,YAGUARÁ,Municipio,-75.518023,2.664694,41885
44001,44,RIOHACHA,Municipio,-72.911795,11.528588,44001
44035,44,ALBANIA,Municipio,-72.61232,11.151628,44035
44078,44,BARRANCAS,Municipio,-72.793639,10.958669,44078
44090,44,DIBULLA,Municipio,-73.307598,11.27155,44090
44098,44,DISTRACCIÓN,Municipio,-72.887405,10.898414,44098
44110,44,EL MOLINO,Municipio,-72.92673,10.653505,44110
44279,44,FONSECA,Municipio,-72.846319,10.886734,44279
44378,44,HATONUEVO,Municipio,-72.75904,11.068864,44378
44420,44,LA JAGUA DEL PILAR,Municipio,-73.072638,10.511862,44420
44430,44,MAICAO,Municipio,-72.242738,11.378535,44430
44560,44,MANAURE,Municipio,-72.438739,11.773767,44560
44650,44,SAN JUAN DEL CESAR,Municipio,-73.000629,10.769546,44650
44847,44,URIBIA,Municipio,-72.265906,11.711904,44847
44855,44,URUMITA,Municipio,-73.012507,10.560169,44855
44874,44,VILLANUEVA,Municipio,-72.977583,10.608774,44874
47001,47,SANTA MARTA,Municipio,-74.199829,11.204679,47001
47030,47,ALGARROBO,Municipio,-74.061132,10.188059,47030
47053,47,ARACATACA,Municipio,-74.186702,10.589791,47053
47058,47,ARIGUANÍ,Municipio,-74.236515,9.847047,47058
47161,47,CERRO DE SAN ANTONIO,Municipio,-74.868474,10.325531,47161
47170,47,CHIVOLO,Municipio,-74.622242,10.026631,47170
47189,47,CIÉNAGA,Municipio,-74.241286,11.006654,47189
47205,47,CONCORDIA,Municipio,-74.83303,10.257314,47205
47245,47,EL BANCO,Municipio,-73.97437,9.008503,47245
47258,47,EL PIÑÓN,Municipio,-74.823094,10.402781,47258
47268,47,EL RETÉN,Municipio,-74.268444,10.610488,47268
47288,47,FUNDACIÓN,Municipio,-74.191453,10.514146,47288
47318,47,GUAMAL,Municipio,-74.223689,9.144354,47318
47460,47,NUEVA GRANADA,Municipio,-74.391841,9.80186,47460
47541,47,PEDRAZA,Municipio,-74.9154,10.18825,47541
47545,47,PIJIÑO DEL CARMEN,Municipio,-74.459034,9.331922,47545
47551,47,PIVIJAY,Municipio,-74.613312,10.460707,47551
47555,47,PLATO,Municipio,-74.784549,9.796713,47555
47570,47,PUEBLOVIEJO,Municipio,-74.28253,10.994766,47570
47605,47,REMOLINO,Municipio,-74.716172,10.701952,47605
47660,47,SABANAS DE SAN ÁNGEL,Municipio,-74.213946,10.032536,47660
47675,47,SALAMINA,Municipio,-74.794189,10.491229,47675
47692,47,SAN SEBASTIÁN DE BUENAVISTA,Municipio,-74.351498,9.241656,47692
47703,47,SAN ZENÓN,Municipio,-74.498992,9.245061,47703
47707,47,SANTA ANA,Municipio,-74.566845,9.324294,47707
47720,47,SANTA BÁRBARA DE PINTO,Municipio,-74.704667,9.432263,47720
47745,47,SITIONUEVO,Municipio,-74.720021,10.775285,47745
47798,47,TENERIFE,Municipio,-74.859783,9.898273,47798
47960,47,ZAPAYÁN,Municipio,-74.716878,10.168297,47960
47980,47,ZONA BANANERA,Municipio,-74.140091,10.763024,47980
50001,50,VILLAVICENCIO,Municipio,-73.622601,4.126369,50001
50006,50,ACACÍAS,Municipio,-73.766034,3.990413,50006
50110,50,BARRANCA DE UPÍA,Municipio,-72.961083,4.566225,50110
50124,50,CABUYARO,Municipio,-72.791768,4.286705,50124
50150,50,CASTILLA LA NUEVA,Municipio,-73.687302,3.830005,50150
50223,50,CUBARRAL,Municipio,-73.837999,3.793653,50223
50226,50,CUMARAL,Municipio,-73.487052,4.270042,50226
50245,50,EL CALVARIO,Municipio,-73.713325,4.352665,50245
50251,50,EL CASTILLO,Municipio,-73.794225,3.563907,50251
50270,50,EL DORADO,Municipio,-73.835264,3.739984,50270
50287,50,FUENTE DE ORO,Municipio,-73.618121,3.462875,50287
50313,50,GRANADA,Municipio,-73.705815,3.547147,50313
50318,50,GUAMAL,Municipio,-73.768815,3.879657,50318
50325,50,MAPIRIPÁN,Municipio,-72.135509,2.896617,50325
50330,50,MESETAS,Municipio,-74.044328,3.382732,50330
50350,50,LA MACARENA,Municipio,-73.78661,2.177143,50350
50370,50,URIBE,Municipio,-74.351508,3.239634,50370
50400,50,LEJANÍAS,Municipio,-74.023514,3.525115,50400
50450,50,PUERTO CONCORDIA,Municipio,-72.760209,2.624006,50450
50568,50,PUERTO GAITÁN,Municipio,-72.087649,4.314905,50568
50573,50,PUERTO LÓPEZ,Municipio,-72.957324,4.09349,50573
50577,50,PUERTO LLERAS,Municipio,-73.37385,3.272117,50577
50590,50,PUERTO RICO,Municipio,-73.206314,2.939621,50590
50606,50,RESTREPO,Municipio,-73.565408,4.259556,50606
50680,50,SAN CARLOS DE GUAROA,Municipio,-73.242253,3.71065,50680
50683,50,SAN JUAN DE ARAMA,Municipio,-73.875832,3.373728,50683
50686,50,SAN JUANITO,Municipio,-73.676699,4.458181,50686
50689,50,SAN MARTÍN,Municipio,-73.695812,3.701899,50689
50711,50,VISTAHERMOSA,Municipio,-73.750966,3.125579,50711
52001,52,PASTO,Municipio,-77.278795,1.212352,52001
52019,52,ALBÁN,Municipio,-77.080712,1.474978,52019
52022,52,ALDANA,Municipio,-77.700564,0.882381,52022
52036,52,ANCUYA,Municipio,-77.514512,1.263276,52036
52051,52,ARBOLEDA,Municipio,-77.135467,1.503418,52051
52079,52,BARBACOAS,Municipio,-78.13765,1.671733,52079
52083,52,BELÉN,Municipio,-77.015619,1.595681,52083
52110,52,BUESACO,Municipio,-77.156463,1.381453,52110
52203,52,COLÓN,Municipio,-77.019777,1.643878,52203
52207,52,CONSACÁ,Municipio,-77.466136,1.207854,52207
52210,52,CONTADERO,Municipio,-77.549409,0.910458,52210
52215,52,CÓRDOBA,Municipio,-77.517897,0.854564,52215
52224,52,CUASPUD CARLOSAMA,Municipio,-77.728947,0.862978,52224
52227,52,CUMBAL,Municipio,-77.792505,0.906367,52227
52233,52,CUMBITARA,Municipio,-77.578616,1.647163,52233
52240,52,CHACHAGÜÍ,Municipio,-77.281869,1.360545,52240
52250,52,EL CHARCO,Municipio,-78.110217,2.479688,52250
52254,52,EL PEÑOL,Municipio,-77.438522,1.453567,52254
52256,52,EL ROSARIO,Municipio,-77.33417,1.745309,52256
52258,52,EL TABLÓN DE GÓMEZ,Municipio,-77.097101,1.427277,52258
52260,52,EL TAMBO,Municipio,-77.390772,1.407913,52260
52287,52,FUNES,Municipio,-77.448913,1.001159,52287
52317,52,GUACHUCAL,Municipio,-77.731589,0.959744,52317
52320,52,GUAITARILLA,Municipio,-77.549824,1.129574,52320
52323,52,GUALMATÁN,Municipio,-77.568701,0.919652,52323
52352,52,ILES,Municipio,-77.521227,0.96952,52352
52354,52,IMUÉS,Municipio,-77.496339,1.05506,52354
52356,52,IPIALES,Municipio,-77.646367,0.827732,52356
52378,52,LA CRUZ,Municipio,-76.970504,1.601318,52378
52381,52,LA FLORIDA,Municipio,-77.402882,1.29753,52381
52385,52,LA LLANADA,Municipio,-77.58091,1.472892,52385
52390,52,LA TOLA,Municipio,-78.189725,2.398999,52390
52399,52,LA UNIÓN,Municipio,-77.131316,1.600219,52399
52405,52,LEIVA,Municipio,-77.306135,1.934453,52405
52411,52,LINARES,Municipio,-77.523953,1.350814,52411
52418,52,LOS ANDES,Municipio,-77.521303,1.494587,52418
52427,52,MAGÜÍ,Municipio,-78.182924,1.765633,52427
52435,52,MALLAMA,Municipio,-77.864549,1.141037,52435
52473,52,MOSQUERA,Municipio,-78.452992,2.507139,52473
52480,52,NARIÑO,Municipio,-77.357972,1.288979,52480
52490,52,OLAYA HERRERA,Municipio,-78.325814,2.347457,52490
52506,52,OSPINA,Municipio,-77.566082,1.058433,52506
52520,52,FRANCISCO PIZARRO,Municipio,-78.658361,2.040629,52520
52540,52,POLICARPA,Municipio,-77.458686,1.627196,52540
52560,52,POTOSÍ,Municipio,-77.573003,0.806639,52560
52565,52,PROVIDENCIA,Municipio,-77.596794,1.237814,52565
52573,52,PUERRES,Municipio,-77.504211,0.885125,52573
52585,52,PUPIALES,Municipio,-77.636042,0.870442,52585
52612,52,RICAURTE,Municipio,-77.995153,1.212492,52612
52621,52,ROBERTO PAYÁN,Municipio,-78.245716,1.697492,52621
52678,52,SAMANIEGO,Municipio,-77.594341,1.335438,52678
52683,52,SANDONÁ,Municipio,-77.47313,1.283438,52683
52685,52,SAN BERNARDO,Municipio,-77.0475,1.513762,52685
52687,52,SAN LORENZO,Municipio,-77.21542,1.503362,52687
52693,52,SAN PABLO,Municipio,-77.013984,1.669429,52693
52694,52,SAN PEDRO DE CARTAGO,Municipio,-77.11941,1.551572,52694
52696,52,SANTA BÁRBARA,Municipio,-77.979916,2.449653,52696
52699,52,SANTACRUZ,Municipio,-77.677035,1.222589,52699
52720,52,SAPUYES,Municipio,-77.62028,1.037536,52720
52786,52,TAMINANGO,Municipio,-77.2808,1.570358,52786
52788,52,TANGUA,Municipio,-77.393735,1.09482,52788
52835,52,SAN ANDRÉS DE TUMACO,Municipio,-78.764073,1.807399,52835
52838,52,TÚQUERRES,Municipio,-77.61672,1.085044,52838
52885,52,YACUANQUER,Municipio,-77.400169,1.115937,52885
54001,54,SAN JOSÉ DE CÚCUTA,Municipio,-72.508178,7.905725,54001
54003,54,ÁBREGO,Municipio,-73.221722,8.081616,54003
54051,54,ARBOLEDAS,Municipio,-72.798952,7.642985,54051
54099,54,BOCHALEMA,Municipio,-72.64701,7.612192,54099
54109,54,BUCARASICA,Municipio,-72.868231,8.041299,54109
54125,54,CÁCOTA,Municipio,-72.642059,7.268705,54125
54128,54,CÁCHIRA,Municipio,-73.048983,7.741248,54128
54172,54,CHINÁCOTA,Municipio,-72.601162,7.603112,54172
54174,54,CHITAGÁ,Municipio,-72.665468,7.138187,54174
54206,54,CONVENCIÓN,Municipio,-73.3372,8.470374,54206
54223,54,CUCUTILLA,Municipio,-72.772816,7.539633,54223
54239,54,DURANIA,Municipio,-72.658491,7.714804,54239
54245,54,EL CARMEN,Municipio,-73.446687,8.510579,54245
54250,54,EL TARRA,Municipio,-73.09614,8.574281,54250
54261,54,EL ZULIA,Municipio,-72.604717,7.938572,54261
54313,54,GRAMALOTE,Municipio,-72.787233,7.916946,54313
54344,54,HACARÍ,Municipio,-73.145997,8.321506,54344
54347,54,HERRÁN,Municipio,-72.483519,7.506541,54347
54377,54,LABATECA,Municipio,-72.495983,7.298414,54377
54385,54,LA ESPERANZA,Municipio,-73.328126,7.639839,54385
54398,54,LA PLAYA,Municipio,-73.239986,8.21124,54398
54405,54,LOS PATIOS,Municipio,-72.505612,7.833186,54405
54418,54,LOURDES,Municipio,-72.832376,7.945631,54418
54480,54,MUTISCUA,Municipio,-72.747169,7.300469,54480
54498,54,OCAÑA,Municipio,-73.35607,8.248574,54498
54518,54,PAMPLONA,Municipio,-72.647714,7.372802,54518
54520,54,PAMPLONITA,Municipio,-72.639111,7.436745,54520
54553,54,PUERTO SANTANDER,Municipio,-72.411363,8.359993,54553
54599,54,RAGONVALIA,Municipio,-72.476708,7.577861,54599
54660,54,SALAZAR,Municipio,-72.813064,7.773683,54660
54670,54,SAN CALIXTO,Municipio,-73.208622,8.40214,54670
54673,54,SAN CAYETANO,Municipio,-72.625459,7.875695,54673
54680,54,SANTIAGO,Municipio,-72.716203,7.865856,54680
54720,54,SARDINATA,Municipio,-72.800577,8.082105,54720
54743,54,SILOS,Municipio,-72.757128,7.204736,54743
54800,54,TEORAMA,Municipio,-73.28707,8.438134,54800
54810,54,TIBÚ,Municipio,-72.734496,8.639891,54810
54820,54,TOLEDO,Municipio,-72.481915,7.307692,54820
54871,54,VILLA CARO,Municipio,-72.973601,7.914244,54871
54874,54,VILLA DEL ROSARIO,Municipio,-72.469758,7.847672,54874
63001,63,ARMENIA,Municipio,-75.680786,4.53598,63001
63111,63,BUENAVISTA,Municipio,-75.739572,4.360029,63111
63130,63,CALARCÁ,Municipio,-75.646085,4.520982,63130
63190,63,CIRCASIA,Municipio,-75.636533,4.617759,63190
63212,63,CÓRDOBA,Municipio,-75.687866,4.392485,63212
63272,63,FILANDIA,Municipio,-75.658387,4.674338,63272
63302,63,GÉNOVA,Municipio,-75.790402,4.206641,63302
63401,63,LA TEBAIDA,Municipio,-75.786887,4.453755,63401
63470,63,MONTENEGRO,Municipio,-75.749827,4.565057,63470
63548,63,PIJAO,Municipio,-75.703329,4.335036,63548
63594,63,QUIMBAYA,Municipio,-75.765074,4.624387,63594
63690,63,SALENTO,Municipio,-75.570844,4.637157,63690
66001,66,PEREIRA,Municipio,-75.719711,4.804985,66001
66045,66,APÍA,Municipio,-75.942356,5.106526,66045
66075,66,BALBOA,Municipio,-75.958663,4.949096,66075
66088,66,BELÉN DE UMBRÍA,Municipio,-75.868334,5.200793,66088
66170,66,DOSQUEBRADAS,Municipio,-75.675371,4.833131,66170
66318,66,GUÁTICA,Municipio,-75.799005,5.315367,66318
66383,66,LA CELIA,Municipio,-76.0032,5.002787,66383
66400,66,LA VIRGINIA,Municipio,-75.880394,4.896624,66400
66440,66,MARSELLA,Municipio,-75.73879,4.935771,66440
66456,66,MISTRATÓ,Municipio,-75.882886,5.297039,66456
66572,66,PUEBLO RICO,Municipio,-76.030801,5.222043,66572
66594,66,QUINCHÍA,Municipio,-75.730431,5.340456,66594
66682,66,SANTA ROSA DE CABAL,Municipio,-75.623268,4.876271,66682
66687,66,SANTUARIO,Municipio,-75.964628,5.074911,66687
68001,68,BUCARAMANGA,Municipio,-73.132562,7.11647,68001
68013,68,AGUADA,Municipio,-73.523132,6.162355,68013
68020,68,ALBANIA,Municipio,-73.91336,5.759166,68020
68051,68,ARATOCA,Municipio,-73.01786,6.694418,68051
68077,68,BARBOSA,Municipio,-73.615965,5.932531,68077
68079,68,BARICHARA,Municipio,-73.223047,6.634111,68079
68081,68,BARRANCABERMEJA,Municipio,-73.849243,7.064857,68081
68092,68,BETULIA,Municipio,-73.283669,6.899525,68092
68101,68,BOLÍVAR,Municipio,-73.771346,5.988953,68101
68121,68,CABRERA,Municipio,-73.246475,6.592118,68121
68132,68,CALIFORNIA,Municipio,-72.946491,7.347989,68132
68147,68,CAPITANEJO,Municipio,-72.695427,6.527394,68147
68152,68,CARCASÍ,Municipio,-72.627099,6.629016,68152
68160,68,CEPITÁ,Municipio,-72.973536,6.753518,68160
68162,68,CERRITO,Municipio,-72.694851,6.840405,68162
68167,68,CHARALÁ,Municipio,-73.146873,6.284339,68167
68169,68,CHARTA,Municipio,-72.968798,7.28082,68169
68176,68,CHIMA,Municipio,-73.373656,6.344348,68176
68179,68,CHIPATÁ,Municipio,-73.637111,6.062521,68179
68190,68,CIMITARRA,Municipio,-73.953011,6.320886,68190
68207,68,CONCEPCIÓN,Municipio,-72.694567,6.768908,68207
68209,68,CONFINES,Municipio,-73.240554,6.357327,68209
68211,68,CONTRATACIÓN,Municipio,-73.474426,6.290561,68211
68217,68,COROMORO,Municipio,-73.040816,6.294999,68217
68229,68,CURITÍ,Municipio,-73.069383,6.605099,68229
68235,68,EL CARMEN DE CHUCURÍ,Municipio,-73.51066,6.700038,68235
68245,68,EL GUACAMAYO,Municipio,-73.496908,6.245111,68245
68250,68,EL PEÑÓN,Municipio,-73.815532,6.05537,68250
68255,68,EL PLAYÓN,Municipio,-73.20287,7.470715,68255
68264,68,ENCINO,Municipio,-73.098749,6.137429,68264
68266,68,ENCISO,Municipio,-72.699647,6.668034,68266
68271,68,FLORIÁN,Municipio,-73.97143,5.804659,68271
68276,68,FLORIDABLANCA,Municipio,-73.099104,7.072329,68276
68296,68,GALÁN,Municipio,-73.287769,6.638423,68296
68298,68,GÁMBITA,Municipio,-73.344185,5.945998,68298
68307,68,GIRÓN,Municipio,-73.166832,7.070432,68307
68318,68,GUACA,Municipio,-72.856322,6.876563,68318
68320,68,GUADALUPE,Municipio,-73.419292,6.245847,68320
68322,68,GUAPOTÁ,Municipio,-73.320732,6.308635,68322
68324,68,GUAVATÁ,Municipio,-73.700906,5.954348,68324
68327,68,GÜEPSA,Municipio,-73.575146,6.025013,68327
68344,68,HATO,Municipio,-73.308399,6.543957,68344
68368,68,JESÚS MARÍA,Municipio,-73.783396,5.876497,68368
68370,68,JORDÁN,Municipio,-73.096053,6.732727,68370
68377,68,LA BELLEZA,Municipio,-73.965494,5.85925,68377
68385,68,LANDÁZURI,Municipio,-73.811359,6.218812,68385
68397,68,LA PAZ,Municipio,-73.58959,6.178509,68397
68406,68,LEBRIJA,Municipio,-73.219524,7.113351,68406
68418,68,LOS SANTOS,Municipio,-73.102739,6.755203,68418
68425,68,MACARAVITA,Municipio,-72.593105,6.50658,68425
68432,68,MÁLAGA,Municipio,-72.732089,6.703081,68432
68444,68,MATANZA,Municipio,-73.015566,7.323175,68444
68464,68,MOGOTES,Municipio,-72.969807,6.475246,68464
68468,68,MOLAGAVITA,Municipio,-72.809175,6.67432,68468
68498,68,OCAMONTE,Municipio,-73.122563,6.339988,68498
68500,68,OIBA,Municipio,-73.299791,6.26521,68500
68502,68,ONZAGA,Municipio,-72.816766,6.344104,68502
68522,68,PALMAR,Municipio,-73.29109,6.537789,68522
68524,68,PALMAS DEL SOCORRO,Municipio,-73.287764,6.406139,68524
68533,68,PÁRAMO,Municipio,-73.17022,6.416811,68533
68547,68,PIEDECUESTA,Municipio,-73.054795,6.997245,68547
68549,68,PINCHOTE,Municipio,-73.174209,6.531552,68549
68572,68,PUENTE NACIONAL,Municipio,-73.677567,5.878381,68572
68573,68,PUERTO PARRA,Municipio,-74.056129,6.650785,68573
68575,68,PUERTO WILCHES,Municipio,-73.899909,7.344057,68575
68615,68,RIONEGRO,Municipio,-73.150177,7.265014,68615
68655,68,SABANA DE TORRES,Municipio,-73.49906,7.391919,68655
68669,68,SAN ANDRÉS,Municipio,-72.848864,6.811511,68669
68673,68,SAN BENITO,Municipio,-73.50907,6.126656,68673
68679,68,SAN GIL,Municipio,-73.134776,6.551952,68679
68682,68,SAN JOAQUÍN,Municipio,-72.867638,6.427548,68682
68684,68,SAN JOSÉ DE MIRANDA,Municipio,-72.733616,6.658995,68684
68686,68,SAN MIGUEL,Municipio,-72.644123,6.575315,68686
68689,68,SAN VICENTE DE CHUCURÍ,Municipio,-73.411024,6.880383,68689
68705,68,SANTA BÁRBARA,Municipio,-72.907445,6.990996,68705
68720,68,SANTA HELENA DEL OPÓN,Municipio,-73.616716,6.339565,68720
68745,68,SIMACOTA,Municipio,-73.337368,6.443469,68745
68755,68,SOCORRO,Municipio,-73.261198,6.46387,68755
68770,68,SUAITA,Municipio,-73.44165,6.101329,68770
68773,68,SUCRE,Municipio,-73.790975,5.918743,68773
68780,68,SURATÁ,Municipio,-72.984232,7.36658,68780
68820,68,TONA,Municipio,-72.967023,7.201417,68820
68855,68,VALLE DE SAN JOSÉ,Municipio,-73.143507,6.448028,68855
68861,68,VÉLEZ,Municipio,-73.672447,6.009275,68861
68867,68,VETAS,Municipio,-72.871041,7.30981,68867
68872,68,VILLANUEVA,Municipio,-73.174307,6.670078,68872
68895,68,ZAPATOCA,Municipio,-73.268034,6.814387,68895
70001,70,SINCELEJO,Municipio,-75.395445,9.302322,70001
70110,70,BUENAVISTA,Municipio,-74.972827,9.319794,70110
70124,70,CAIMITO,Municipio,-75.117141,8.789324,70124
70204,70,COLOSÓ,Municipio,-75.353256,9.494192,70204
70215,70,COROZAL,Municipio,-75.293048,9.318749,70215
70221,70,COVEÑAS,Municipio,-75.680158,9.402779,70221
70230,70,CHALÁN,Municipio,-75.312697,9.545352,70230
70233,70,EL ROBLE,Municipio,-75.198378,9.100647,70233
70235,70,GALERAS,Municipio,-75.04959,9.160379,70235
70265,70,GUARANDA,Municipio,-74.537749,8.468556,70265
70400,70,LA UNIÓN,Municipio,-75.276056,8.853975,70400
70418,70,LOS PALMITOS,Municipio,-75.268716,9.380269,70418
70429,70,MAJAGUAL,Municipio,-74.628077,8.541163,70429
70473,70,MORROA,Municipio,-75.305949,9.331395,70473
70508,70,OVEJAS,Municipio,-75.229037,9.527176,70508
70523,70,PALMITO,Municipio,-75.541264,9.333157,70523
70670,70,SAMPUÉS,Municipio,-75.380222,9.183193,70670
70678,70,SAN BENITO ABAD,Municipio,-75.031089,8.930108,70678
70702,70,SAN JUAN DE BETULIA,Municipio,-75.243565,9.273066,70702
70708,70,SAN MARCOS,Municipio,-75.133831,8.661774,70708
70713,70,SAN ONOFRE,Municipio,-75.522398,9.736955,70713
70717,70,SAN PEDRO,Municipio,-75.063647,9.39625,70717
70742,70,SAN LUIS DE SINCÉ,Municipio,-75.145999,9.244308,70742
70771,70,SUCRE,Municipio,-74.723175,8.811737,70771
70820,70,SANTIAGO DE TOLÚ,Municipio,-75.581112,9.525387,70820
70823,70,SAN JOSÉ DE TOLUVIEJO,Municipio,-75.44085,9.451819,70823
73001,73,IBAGUÉ,Municipio,-75.19425,4.432248,73001
73024,73,ALPUJARRA,Municipio,-74.9329,3.391548,73024
73026,73,ALVARADO,Municipio,-74.953418,4.567356,73026
73030,73,AMBALEMA,Municipio,-74.764429,4.782682,73030
73043,73,ANZOÁTEGUI,Municipio,-75.093772,4.631756,73043
73055,73,ARMERO,Municipio,-74.884438,5.030744,73055
73067,73,ATACO,Municipio,-75.382545,3.590591,73067
73124,73,CAJAMARCA,Municipio,-75.431971,4.438812,73124
73148,73,CARMEN DE APICALÁ,Municipio,-74.717633,4.152334,73148
73152,73,CASABIANCA,Municipio,-75.120966,5.078465,73152
73168,73,CHAPARRAL,Municipio,-75.480765,3.722918,73168
73200,73,COELLO,Municipio,-74.898464,4.287276,73200
73217,73,COYAIMA,Municipio,-75.193862,3.798036,73217
73226,73,CUNDAY,Municipio,-74.692227,4.059259,73226
73236,73,DOLORES,Municipio,-74.896761,3.539072,73236
73268,73,ESPINAL,Municipio,-74.885446,4.151314,73268
73270,73,FALAN,Municipio,-74.953007,5.123104,73270
73275,73,FLANDES,Municipio,-74.818763,4.276373,73275
73283,73,FRESNO,Municipio,-75.035722,5.153576,73283
73319,73,GUAMO,Municipio,-74.968135,4.030992,73319
73347,73,HERVEO,Municipio,-75.177151,5.080228,73347
73349,73,HONDA,Municipio,-74.75699,5.211816,73349
73352,73,ICONONZO,Municipio,-74.531969,4.176487,73352
73408,73,LÉRIDA,Municipio,-74.910716,4.862046,73408
73411,73,LÍBANO,Municipio,-75.061959,4.92042,73411
73443,73,SAN SEBASTIÁN DE MARIQUITA,Municipio,-74.889276,5.199708,73443
73449,73,MELGAR,Municipio,-74.641317,4.203655,73449
73461,73,MURILLO,Municipio,-75.171022,4.874341,73461
73483,73,NATAGAIMA,Municipio,-75.093182,3.624324,73483
73504,73,ORTEGA,Municipio,-75.222601,3.934916,73504
73520,73,PALOCABILDO,Municipio,-75.022167,5.120918,73520
73547,73,PIEDRAS,Municipio,-74.878106,4.543951,73547
73555,73,PLANADAS,Municipio,-75.644163,3.197911,73555
73563,73,PRADO,Municipio,-74.927447,3.750939,73563
73585,73,PURIFICACIÓN,Municipio,-74.935555,3.857246,73585
73616,73,RIOBLANCO,Municipio,-75.644069,3.529932,73616
73622,73,RONCESVALLES,Municipio,-75.605959,4.011567,73622
73624,73,ROVIRA,Municipio,-75.240648,4.239019,73624
73671,73,SALDAÑA,Municipio,-75.016852,3.929815,73671
73675,73,SAN ANTONIO,Municipio,-75.480074,3.914146,73675
73678,73,SAN LUIS,Municipio,-75.095804,4.133721,73678
73686,73,SANTA ISABEL,Municipio,-75.097934,4.713606,73686
73770,73,SUÁREZ,Municipio,-74.831885,4.048891,73770
73854,73,VALLE DE SAN JUAN,Municipio,-75.115669,4.197494,73854
73861,73,VENADILLO,Municipio,-74.929333,4.717878,73861
73870,73,VILLAHERMOSA,Municipio,-75.117729,5.030452,73870
73873,73,VILLARRICA,Municipio,-74.600285,3.936902,73873
76001,76,SANTIAGO DE CALI,Municipio,-76.52133,3.413686,76001
76020,76,ALCALÁ,Municipio,-75.779792,4.674994,76020
76036,76,ANDALUCÍA,Municipio,-76.167925,4.171713,76036
76041,76,ANSERMANUEVO,Municipio,-75.992003,4.794984,76041
76054,76,ARGELIA,Municipio,-76.119905,4.726945,76054
76100,76,BOLÍVAR,Municipio,-76.183583,4.337846,76100
76109,76,BUENAVENTURA,Municipio,-77.01074,3.875708,76109
76111,76,GUADALAJARA DE BUGA,Municipio,-76.298979,3.900736,76111
76113,76,BUGALAGRANDE,Municipio,-76.15682,4.208358,76113
76122,76,CAICEDONIA,Municipio,-75.830594,4.334808,76122
76126,76,CALIMA,Municipio,-76.484132,3.933664,76126
76130,76,CANDELARIA,Municipio,-76.346519,3.408354,76130
76147,76,CARTAGO,Municipio,-75.924374,4.742192,76147
76233,76,DAGUA,Municipio,-76.68886,3.657318,76233
76243,76,EL ÁGUILA,Municipio,-76.042779,4.906062,76243
76246,76,EL CAIRO,Municipio,-76.221611,4.760874,76246
76248,76,EL CERRITO,Municipio,-76.311972,3.684229,76248
76250,76,EL DOVIO,Municipio,-76.237084,4.510452,76250
76275,76,FLORIDA,Municipio,-76.234199,3.324118,76275
76306,76,GINEBRA,Municipio,-76.268068,3.724181,76306
76318,76,GUACARÍ,Municipio,-76.330911,3.761815,76318
76364,76,JAMUNDÍ,Municipio,-76.538472,3.258751,76364
76377,76,LA CUMBRE,Municipio,-76.56805,3.649268,76377
76400,76,LA UNIÓN,Municipio,-76.099661,4.533869,76400
76403,76,LA VICTORIA,Municipio,-76.036529,4.523603,76403
76497,76,OBANDO,Municipio,-75.974709,4.575712,76497
76520,76,PALMIRA,Municipio,-76.298846,3.531544,76520
76563,76,PRADERA,Municipio,-76.241799,3.419793,76563
76606,76,RESTREPO,Municipio,-76.523329,3.821351,76606
76616,76,RIOFRÍO,Municipio,-76.288313,4.156908,76616
76622,76,ROLDANILLO,Municipio,-76.152277,4.413601,76622
76670,76,SAN PEDRO,Municipio,-76.228692,3.995073,76670
76736,76,SEVILLA,Municipio,-75.931629,4.270714,76736
76823,76,TORO,Municipio,-76.076859,4.608085,76823
76828,76,TRUJILLO,Municipio,-76.318818,4.212037,76828
76834,76,TULUÁ,Municipio,-76.197731,4.085399,76834
76845,76,ULLOA,Municipio,-75.737808,4.703623,76845
76863,76,VERSALLES,Municipio,-76.199203,4.575019,76863
76869,76,VIJES,Municipio,-76.441804,3.698686,76869
76890,76,YOTOCO,Municipio,-76.382698,3.861241,76890
76892,76,YUMBO,Municipio,-76.499893,3.540097,76892
76895,76,ZARZAL,Municipio,-76.070795,4.392658,76895
81001,81,ARAUCA,Municipio,-70.747408,7.072726,81001
81065,81,ARAUQUITA,Municipio,-71.426733,7.02702,81065
81220,81,CRAVO NORTE,Municipio,-70.204286,6.303913,81220
81300,81,FORTUL,Municipio,-71.76877,6.796695,81300
81591,81,PUERTO RONDÓN,Municipio,-71.10339,6.281461,81591
81736,81,SARAVENA,Municipio,-71.872812,6.953926,81736
81794,81,TAME,Municipio,-71.754427,6.453324,81794
85001,85,YOPAL,Municipio,-72.396132,5.327102,85001
85010,85,AGUAZUL,Municipio,-72.546838,5.172641,85010
85015,85,CHÁMEZA,Municipio,-72.87016,5.214527,85015
85125,85,HATO COROZAL,Municipio,-71.764213,6.154099,85125
85136,85,LA SALINA,Municipio,-72.334978,6.127762,85136
85139,85,MANÍ,Municipio,-72.281384,4.81681,85139
85162,85,MONTERREY,Municipio,-72.894065,4.877017,85162
85225,85,NUNCHÍA,Municipio,-72.195323,5.636474,85225
85230,85,OROCUÉ,Municipio,-71.338533,4.790258,85230
85250,85,PAZ DE ARIPORO,Municipio,-71.890348,5.879827,85250
85263,85,PORE,Municipio,-71.99286,5.72773,85263
85279,85,RECETOR,Municipio,-72.760991,5.229181,85279
85300,85,SABANALARGA,Municipio,-73.038696,4.854787,85300
85315,85,SÁCAMA,Municipio,-72.250157,6.096738,85315
85325,85,SAN LUIS DE PALENQUE,Municipio,-71.732198,5.422397,85325
85400,85,TÁMARA,Municipio,-72.16165,5.829543,85400
85410,85,TAURAMENA,Municipio,-72.74662,5.018977,85410
85430,85,TRINIDAD,Municipio,-71.662812,5.412178,85430
85440,85,VILLANUEVA,Municipio,-72.927797,4.61035,85440
86001,86,MOCOA,Municipio,-76.654238,1.151172,86001
86219,86,COLÓN,Municipio,-76.972566,1.190133,86219
86320,86,ORITO,Municipio,-76.873276,0.663593,86320
86568,86,PUERTO ASÍS,Municipio,-76.496887,0.505627,86568
86569,86,PUERTO CAICEDO,Municipio,-76.606118,0.687784,86569
86571,86,PUERTO GUZMÁN,Municipio,-76.407663,0.962854,86571
86573,86,PUERTO LEGUÍZAMO,Municipio,-74.781842,-0.192318,86573
86749,86,SIBUNDOY,Municipio,-76.917814,1.20026,86749
86755,86,SAN FRANCISCO,Municipio,-76.879283,1.174194,86755
86757,86,SAN MIGUEL,Municipio,-76.91217,0.34346,86757
86760,86,SANTIAGO,Municipio,-77.002641,1.147076,86760
86865,86,VALLE DEL GUAMUEZ,Municipio,-76.906751,0.423506,86865
86885,86,VILLAGARZÓN,Municipio,-76.61721,1.028821,86885
88001,88,SAN ANDRÉS,Isla,-81.707181,12.578108,88001
88564,88,PROVIDENCIA,Municipio,-81.368386,13.373185,88564
91001,91,LETICIA,Municipio,-69.941721,-4.19895,91001
91263,91,EL ENCANTO,Área no municipalizada,-73.207114,-1.74806,91263
91405,91,LA CHORRERA,Área no municipalizada,-72.791889,-1.442617,91405
91407,91,LA PEDRERA,Área no municipalizada,-69.585499,-1.320301,91407
91430,91,LA VICTORIA,Área no municipalizada,-71.223208,0.054936,91430
91460,91,MIRITÍ - PARANÁ,Área no municipalizada,-70.98893,-0.888833,91460
91530,91,PUERTO ALEGRÍA,Área no municipalizada,-74.014461,-1.005674,91530
91536,91,PUERTO ARICA,Área no municipalizada,-71.752186,-2.147039,91536
91540,91,PUERTO NARIÑO,Municipio,-70.364937,-3.779934,91540
91669,91,PUERTO SANTANDER,Área no municipalizada,-72.384213,-0.621184,91669
91798,91,TARAPACÁ,Área no municipalizada,-69.741745,-2.890126,91798
94001,94,INÍRIDA,Municipio,-67.918613,3.866764,94001
94343,94,BARRANCOMINAS,Municipio,-69.814066,3.494178,94343
94883,94,SAN FELIPE,Área no municipalizada,-67.067848,1.912495,94883
94884,94,PUERTO COLOMBIA,Área no municipalizada,-67.566774,2.726438,94884
94885,94,LA GUADALUPE,Área no municipalizada,-66.963692,1.632464,94885
94886,94,CACAHUAL,Área no municipalizada,-67.413312,3.52617,94886
94887,94,PANA PANA,Área no municipalizada,-69.0099,1.865668,94887
94888,94,MORICHAL,Área no municipalizada,-69.919404,2.265132,94888
95001,95,SAN JOSÉ DEL GUAVIARE,Municipio,-72.639254,2.565932,95001
95015,95,CALAMAR,Municipio,-72.655197,1.960982,95015
95025,95,EL RETORNO,Municipio,-72.627304,2.330164,95025
95200,95,MIRAFLORES,Municipio,-71.950416,1.337539,95200
97001,97,MITÚ,Municipio,-70.232641,1.253151,97001
97161,97,CARURÚ,Municipio,-71.30221,1.016116,97161
97511,97,PACOA,Área no municipalizada,-71.004339,0.020698,97511
97666,97,TARAIRA,Municipio,-69.635497,-0.564984,97666
97777,97,PAPUNAHUA,Área no municipalizada,-70.76091,1.908124,97777
97889,97,YAVARATÉ,Área no municipalizada,-69.203337,0.609142,97889
99001,99,PUERTO CARREÑO,Municipio,-67.487095,6.186636,99001
99524,99,LA PRIMAVERA,Municipio,-70.410515,5.486309,99524
99624,99,SANTA ROSALÍA,Municipio,-70.859499,5.136393,99624
99773,99,CUMARIBO,Municipio,-69.795533,4.446352,99773